date,start-time,end-time,name,image
9/4/2017,9:05 AM,9:20 AM,Barry Schmidt,https://randomuser.me/api/portraits/men/25.jpg
9/4/2017,9:15 AM,9:30 AM,Lenora Farmer,https://randomuser.me/api/portraits/women/21.jpg
9/4/2017,9:15 AM,9:30 AM,Roy Haynes,https://randomuser.me/api/portraits/men/23.jpg
9/4/2017,10:20 AM,10:35 AM,Roy Haynes,https://randomuser.me/api/portraits/men/23.jpg
9/4/2017,10:20 AM,10:35 AM,James Roberts,https://randomuser.me/api/portraits/men/84.jpg
9/4/2017,10:25 AM,10:40 AM,James Roberts,https://randomuser.me/api/portraits/men/84.jpg
9/4/2017,10:25 AM,10:40 AM,Barry Schmidt,https://randomuser.me/api/portraits/men/25.jpg
9/4/2017,11:00 AM,11:15 AM,Roy Haynes,https://randomuser.me/api/portraits/men/23.jpg
9/4/2017,11:00 AM,11:15 AM,Louise Schultz,https://randomuser.me/api/portraits/women/37.jpg
9/4/2017,11:15 AM,11:30 AM,Barry Schmidt,https://randomuser.me/api/portraits/men/25.jpg
9/4/2017,11:15 AM,11:30 AM,James Roberts,https://randomuser.me/api/portraits/men/84.jpg
9/4/2017,11:45 AM,12:00 PM,Lenora Farmer,https://randomuser.me/api/portraits/women/21.jpg
9/4/2017,12:15 PM,12:30 PM,Louise Schultz,https://randomuser.me/api/portraits/women/37.jpg
9/4/2017,12:55 PM,1:10 PM,James Roberts,https://randomuser.me/api/portraits/men/84.jpg
9/4/2017,12:55 PM,1:10 PM,Lenora Farmer,https://randomuser.me/api/portraits/women/21.jpg
9/4/2017,1:00 PM,1:15 PM,Roy Haynes,https://randomuser.me/api/portraits/men/23.jpg
9/4/2017,1:05 PM,1:20 PM,Roy Haynes,https://randomuser.me/api/portraits/men/23.jpg
9/4/2017,1:10 PM,1:25 PM,Lenora Farmer,https://randomuser.me/api/portraits/women/21.jpg
9/4/2017,1:25 PM,1:40 PM,Lenora Farmer,https://randomuser.me/api/portraits/women/21.jpg
9/4/2017,1:30 PM,1:45 PM,Barry Schmidt,https://randomuser.me/api/portraits/men/25.jpg
9/4/2017,1:40 PM,1:55 PM,Lenora Farmer,https://randomuser.me/api/portraits/women/21.jpg
9/4/2017,1:40 PM,1:55 PM,Barry Schmidt,https://randomuser.me/api/portraits/men/25.jpg
9/4/2017,1:45 PM,2:00 PM,James Roberts,https://randomuser.me/api/portraits/men/84.jpg
9/4/2017,1:50 PM,2:05 PM,Lenora Farmer,https://randomuser.me/api/portraits/women/21.jpg
9/4/2017,1:50 PM,2:05 PM,Roy Haynes,https://randomuser.me/api/portraits/men/23.jpg
9/4/2017,2:00 PM,2:15 PM,Louise Schultz,https://randomuser.me/api/portraits/women/37.jpg
9/4/2017,2:05 PM,2:20 PM,Louise Schultz,https://randomuser.me/api/portraits/women/37.jpg
9/4/2017,2:25 PM,2:40 PM,James Roberts,https://randomuser.me/api/portraits/men/84.jpg
9/4/2017,3:30 PM,3:45 PM,James Roberts,https://randomuser.me/api/portraits/men/84.jpg
9/4/2017,3:30 PM,3:45 PM,Lenora Farmer,https://randomuser.me/api/portraits/women/21.jpg
9/4/2017,3:55 PM,4:10 PM,Lenora Farmer,https://randomuser.me/api/portraits/women/21.jpg
9/4/2017,4:00 PM,4:15 PM,Roy Haynes,https://randomuser.me/api/portraits/men/23.jpg
9/4/2017,4:05 PM,4:20 PM,Louise Schultz,https://randomuser.me/api/portraits/women/37.jpg
9/4/2017,4:20 PM,4:35 PM,Barry Schmidt,https://randomuser.me/api/portraits/men/25.jpg
9/4/2017,4:30 PM,4:45 PM,Roy Haynes,https://randomuser.me/api/portraits/men/23.jpg
9/4/2017,4:30 PM,4:45 PM,Roy Haynes,https://randomuser.me/api/portraits/men/23.jpg
9/4/2017,4:35 PM,4:50 PM,James Roberts,https://randomuser.me/api/portraits/men/84.jpg
9/5/2017,9:15 AM,9:30 AM,Barry Schmidt,https://randomuser.me/api/portraits/men/25.jpg
9/5/2017,9:15 AM,9:30 AM,James Roberts,https://randomuser.me/api/portraits/men/84.jpg
9/5/2017,9:55 AM,10:10 AM,Barry Schmidt,https://randomuser.me/api/portraits/men/25.jpg
9/5/2017,9:55 AM,10:10 AM,Barry Schmidt,https://randomuser.me/api/portraits/men/25.jpg
9/5/2017,10:10 AM,10:25 AM,James Roberts,https://randomuser.me/api/portraits/men/84.jpg
9/5/2017,10:10 AM,10:25 AM,Roy Haynes,https://randomuser.me/api/portraits/men/23.jpg
9/5/2017,10:25 AM,10:40 AM,James Roberts,https://randomuser.me/api/portraits/men/84.jpg
9/5/2017,10:35 AM,10:50 AM,Roy Haynes,https://randomuser.me/api/portraits/men/23.jpg
9/5/2017,11:05 AM,11:20 AM,Louise Schultz,https://randomuser.me/api/portraits/women/37.jpg
9/5/2017,11:15 AM,11:30 AM,Lenora Farmer,https://randomuser.me/api/portraits/women/21.jpg
9/5/2017,11:15 AM,11:30 AM,Lenora Farmer,https://randomuser.me/api/portraits/women/21.jpg
9/5/2017,11:30 AM,11:45 AM,James Roberts,https://randomuser.me/api/portraits/men/84.jpg
9/5/2017,11:35 AM,11:50 AM,Barry Schmidt,https://randomuser.me/api/portraits/men/25.jpg
9/5/2017,11:45 AM,12:00 PM,Lenora Farmer,https://randomuser.me/api/portraits/women/21.jpg
9/5/2017,11:45 AM,12:00 PM,Lenora Farmer,https://randomuser.me/api/portraits/women/21.jpg
9/5/2017,12:00 PM,12:15 PM,Roy Haynes,https://randomuser.me/api/portraits/men/23.jpg
9/5/2017,12:25 PM,12:40 PM,Lenora Farmer,https://randomuser.me/api/portraits/women/21.jpg
9/5/2017,12:25 PM,12:40 PM,Lenora Farmer,https://randomuser.me/api/portraits/women/21.jpg
9/5/2017,12:35 PM,12:50 PM,Barry Schmidt,https://randomuser.me/api/portraits/men/25.jpg
9/5/2017,12:55 PM,1:10 PM,Louise Schultz,https://randomuser.me/api/portraits/women/37.jpg
9/5/2017,1:00 PM,1:15 PM,James Roberts,https://randomuser.me/api/portraits/men/84.jpg
9/5/2017,1:05 PM,1:20 PM,James Roberts,https://randomuser.me/api/portraits/men/84.jpg
9/5/2017,1:05 PM,1:20 PM,Barry Schmidt,https://randomuser.me/api/portraits/men/25.jpg
9/5/2017,1:10 PM,1:25 PM,Roy Haynes,https://randomuser.me/api/portraits/men/23.jpg
9/5/2017,1:20 PM,1:35 PM,Lenora Farmer,https://randomuser.me/api/portraits/women/21.jpg
9/5/2017,1:20 PM,1:35 PM,James Roberts,https://randomuser.me/api/portraits/men/84.jpg
9/5/2017,1:30 PM,1:45 PM,Lenora Farmer,https://randomuser.me/api/portraits/women/21.jpg
9/5/2017,1:40 PM,1:55 PM,Louise Schultz,https://randomuser.me/api/portraits/women/37.jpg
9/5/2017,1:45 PM,2:00 PM,Barry Schmidt,https://randomuser.me/api/portraits/men/25.jpg
9/5/2017,2:00 PM,2:15 PM,Barry Schmidt,https://randomuser.me/api/portraits/men/25.jpg
9/5/2017,2:25 PM,2:40 PM,Lenora Farmer,https://randomuser.me/api/portraits/women/21.jpg
9/5/2017,2:25 PM,2:40 PM,Louise Schultz,https://randomuser.me/api/portraits/women/37.jpg
9/5/2017,2:50 PM,3:05 PM,Lenora Farmer,https://randomuser.me/api/portraits/women/21.jpg
9/5/2017,3:30 PM,3:45 PM,Roy Haynes,https://randomuser.me/api/portraits/men/23.jpg
9/5/2017,3:30 PM,3:45 PM,Roy Haynes,https://randomuser.me/api/portraits/men/23.jpg
9/5/2017,3:30 PM,3:45 PM,Barry Schmidt,https://randomuser.me/api/portraits/men/25.jpg
9/5/2017,3:35 PM,3:50 PM,Roy Haynes,https://randomuser.me/api/portraits/men/23.jpg
9/5/2017,3:35 PM,3:50 PM,Louise Schultz,https://randomuser.me/api/portraits/women/37.jpg
9/5/2017,3:40 PM,3:55 PM,Louise Schultz,https://randomuser.me/api/portraits/women/37.jpg
9/5/2017,4:00 PM,4:15 PM,Louise Schultz,https://randomuser.me/api/portraits/women/37.jpg
9/5/2017,4:05 PM,4:20 PM,Roy Haynes,https://randomuser.me/api/portraits/men/23.jpg
9/5/2017,4:05 PM,4:20 PM,Louise Schultz,https://randomuser.me/api/portraits/women/37.jpg
9/5/2017,4:20 PM,4:35 PM,Roy Haynes,https://randomuser.me/api/portraits/men/23.jpg
9/5/2017,4:25 PM,4:40 PM,Barry Schmidt,https://randomuser.me/api/portraits/men/25.jpg
9/5/2017,4:25 PM,4:40 PM,James Roberts,https://randomuser.me/api/portraits/men/84.jpg
9/5/2017,4:30 PM,4:45 PM,Lenora Farmer,https://randomuser.me/api/portraits/women/21.jpg
9/5/2017,4:35 PM,4:50 PM,Roy Haynes,https://randomuser.me/api/portraits/men/23.jpg
9/5/2017,4:35 PM,4:50 PM,Roy Haynes,https://randomuser.me/api/portraits/men/23.jpg
9/5/2017,4:40 PM,4:55 PM,Lenora Farmer,https://randomuser.me/api/portraits/women/21.jpg
9/5/2017,4:45 PM,5:00 PM,Louise Schultz,https://randomuser.me/api/portraits/women/37.jpg
9/6/2017,9:05 AM,9:20 AM,Barry Schmidt,https://randomuser.me/api/portraits/men/25.jpg
9/6/2017,9:05 AM,9:20 AM,James Roberts,https://randomuser.me/api/portraits/men/84.jpg
9/6/2017,9:15 AM,9:30 AM,Roy Haynes,https://randomuser.me/api/portraits/men/23.jpg
9/6/2017,9:15 AM,9:30 AM,Lenora Farmer,https://randomuser.me/api/portraits/women/21.jpg
9/6/2017,9:55 AM,10:10 AM,James Roberts,https://randomuser.me/api/portraits/men/84.jpg
9/6/2017,9:55 AM,10:10 AM,Roy Haynes,https://randomuser.me/api/portraits/men/23.jpg
9/6/2017,10:10 AM,10:25 AM,Roy Haynes,https://randomuser.me/api/portraits/men/23.jpg
9/6/2017,10:10 AM,10:25 AM,Barry Schmidt,https://randomuser.me/api/portraits/men/25.jpg
9/6/2017,10:10 AM,10:25 AM,Barry Schmidt,https://randomuser.me/api/portraits/men/25.jpg
9/6/2017,10:20 AM,10:35 AM,Louise Schultz,https://randomuser.me/api/portraits/women/37.jpg
9/6/2017,10:25 AM,10:40 AM,Barry Schmidt,https://randomuser.me/api/portraits/men/25.jpg
9/6/2017,10:35 AM,10:50 AM,Barry Schmidt,https://randomuser.me/api/portraits/men/25.jpg
9/6/2017,10:50 AM,11:05 AM,Lenora Farmer,https://randomuser.me/api/portraits/women/21.jpg
9/6/2017,11:05 AM,11:20 AM,James Roberts,https://randomuser.me/api/portraits/men/84.jpg
9/6/2017,11:20 AM,11:35 AM,Roy Haynes,https://randomuser.me/api/portraits/men/23.jpg
9/6/2017,11:35 AM,11:50 AM,Louise Schultz,https://randomuser.me/api/portraits/women/37.jpg
9/6/2017,11:40 AM,11:55 AM,James Roberts,https://randomuser.me/api/portraits/men/84.jpg
9/6/2017,11:40 AM,11:55 AM,Barry Schmidt,https://randomuser.me/api/portraits/men/25.jpg
9/6/2017,11:40 AM,11:55 AM,Louise Schultz,https://randomuser.me/api/portraits/women/37.jpg
9/6/2017,11:45 AM,12:00 PM,Lenora Farmer,https://randomuser.me/api/portraits/women/21.jpg
9/6/2017,11:45 AM,12:00 PM,Roy Haynes,https://randomuser.me/api/portraits/men/23.jpg
9/6/2017,12:15 PM,12:30 PM,Barry Schmidt,https://randomuser.me/api/portraits/men/25.jpg
9/6/2017,12:25 PM,12:40 PM,Roy Haynes,https://randomuser.me/api/portraits/men/23.jpg
9/6/2017,12:55 PM,1:10 PM,James Roberts,https://randomuser.me/api/portraits/men/84.jpg
9/6/2017,12:55 PM,1:10 PM,James Roberts,https://randomuser.me/api/portraits/men/84.jpg
9/6/2017,1:05 PM,1:20 PM,Roy Haynes,https://randomuser.me/api/portraits/men/23.jpg
9/6/2017,1:10 PM,1:25 PM,James Roberts,https://randomuser.me/api/portraits/men/84.jpg
9/6/2017,1:10 PM,1:25 PM,Roy Haynes,https://randomuser.me/api/portraits/men/23.jpg
9/6/2017,1:10 PM,1:25 PM,Lenora Farmer,https://randomuser.me/api/portraits/women/21.jpg
9/6/2017,1:20 PM,1:35 PM,Louise Schultz,https://randomuser.me/api/portraits/women/37.jpg
9/6/2017,1:20 PM,1:35 PM,Louise Schultz,https://randomuser.me/api/portraits/women/37.jpg
9/6/2017,1:30 PM,1:45 PM,Roy Haynes,https://randomuser.me/api/portraits/men/23.jpg
9/6/2017,1:40 PM,1:55 PM,Roy Haynes,https://randomuser.me/api/portraits/men/23.jpg
9/6/2017,1:45 PM,2:00 PM,Barry Schmidt,https://randomuser.me/api/portraits/men/25.jpg
9/6/2017,1:45 PM,2:00 PM,Louise Schultz,https://randomuser.me/api/portraits/women/37.jpg
9/6/2017,1:50 PM,2:05 PM,Barry Schmidt,https://randomuser.me/api/portraits/men/25.jpg
9/6/2017,2:25 PM,2:40 PM,Louise Schultz,https://randomuser.me/api/portraits/women/37.jpg
9/6/2017,2:25 PM,2:40 PM,James Roberts,https://randomuser.me/api/portraits/men/84.jpg
9/6/2017,2:50 PM,3:05 PM,James Roberts,https://randomuser.me/api/portraits/men/84.jpg
9/6/2017,3:30 PM,3:45 PM,Louise Schultz,https://randomuser.me/api/portraits/women/37.jpg
9/6/2017,3:40 PM,3:55 PM,Louise Schultz,https://randomuser.me/api/portraits/women/37.jpg
9/6/2017,3:40 PM,3:55 PM,Louise Schultz,https://randomuser.me/api/portraits/women/37.jpg
9/6/2017,4:00 PM,4:15 PM,James Roberts,https://randomuser.me/api/portraits/men/84.jpg
9/6/2017,4:00 PM,4:15 PM,James Roberts,https://randomuser.me/api/portraits/men/84.jpg
9/6/2017,4:00 PM,4:15 PM,Louise Schultz,https://randomuser.me/api/portraits/women/37.jpg
9/6/2017,4:05 PM,4:20 PM,Barry Schmidt,https://randomuser.me/api/portraits/men/25.jpg
9/6/2017,4:20 PM,4:35 PM,Roy Haynes,https://randomuser.me/api/portraits/men/23.jpg
9/6/2017,4:20 PM,4:35 PM,Lenora Farmer,https://randomuser.me/api/portraits/women/21.jpg
9/6/2017,4:25 PM,4:40 PM,Barry Schmidt,https://randomuser.me/api/portraits/men/25.jpg
9/6/2017,4:30 PM,4:45 PM,Lenora Farmer,https://randomuser.me/api/portraits/women/21.jpg
9/6/2017,4:35 PM,4:50 PM,James Roberts,https://randomuser.me/api/portraits/men/84.jpg
9/6/2017,4:40 PM,4:55 PM,Lenora Farmer,https://randomuser.me/api/portraits/women/21.jpg
9/6/2017,4:40 PM,4:55 PM,Lenora Farmer,https://randomuser.me/api/portraits/women/21.jpg
9/6/2017,4:40 PM,4:55 PM,Lenora Farmer,https://randomuser.me/api/portraits/women/21.jpg
9/6/2017,4:45 PM,5:00 PM,Roy Haynes,https://randomuser.me/api/portraits/men/23.jpg
9/6/2017,4:45 PM,5:00 PM,Lenora Farmer,https://randomuser.me/api/portraits/women/21.jpg
9/6/2017,4:50 PM,5:05 PM,Louise Schultz,https://randomuser.me/api/portraits/women/37.jpg
9/7/2017,9:05 AM,9:20 AM,Louise Schultz,https://randomuser.me/api/portraits/women/37.jpg
9/7/2017,10:25 AM,10:40 AM,James Roberts,https://randomuser.me/api/portraits/men/84.jpg
9/7/2017,10:25 AM,10:40 AM,James Roberts,https://randomuser.me/api/portraits/men/84.jpg
9/7/2017,11:15 AM,11:30 AM,Lenora Farmer,https://randomuser.me/api/portraits/women/21.jpg
9/7/2017,11:15 AM,11:30 AM,Lenora Farmer,https://randomuser.me/api/portraits/women/21.jpg
9/7/2017,11:45 AM,12:00 PM,Barry Schmidt,https://randomuser.me/api/portraits/men/25.jpg
9/7/2017,12:00 PM,12:15 PM,Louise Schultz,https://randomuser.me/api/portraits/women/37.jpg
9/7/2017,12:00 PM,12:15 PM,Lenora Farmer,https://randomuser.me/api/portraits/women/21.jpg
9/7/2017,12:15 PM,12:30 PM,Lenora Farmer,https://randomuser.me/api/portraits/women/21.jpg
9/7/2017,12:15 PM,12:30 PM,Louise Schultz,https://randomuser.me/api/portraits/women/37.jpg
9/7/2017,12:25 PM,12:40 PM,Barry Schmidt,https://randomuser.me/api/portraits/men/25.jpg
9/7/2017,12:25 PM,12:40 PM,Roy Haynes,https://randomuser.me/api/portraits/men/23.jpg
9/7/2017,12:30 PM,12:45 PM,Barry Schmidt,https://randomuser.me/api/portraits/men/25.jpg
9/7/2017,12:35 PM,12:50 PM,Roy Haynes,https://randomuser.me/api/portraits/men/23.jpg
9/7/2017,12:35 PM,12:50 PM,Lenora Farmer,https://randomuser.me/api/portraits/women/21.jpg
9/7/2017,12:55 PM,1:10 PM,Louise Schultz,https://randomuser.me/api/portraits/women/37.jpg
9/7/2017,12:55 PM,1:10 PM,Barry Schmidt,https://randomuser.me/api/portraits/men/25.jpg
9/7/2017,1:00 PM,1:15 PM,Louise Schultz,https://randomuser.me/api/portraits/women/37.jpg
9/7/2017,1:05 PM,1:20 PM,Lenora Farmer,https://randomuser.me/api/portraits/women/21.jpg
9/7/2017,1:20 PM,1:35 PM,Louise Schultz,https://randomuser.me/api/portraits/women/37.jpg
9/7/2017,1:20 PM,1:35 PM,Roy Haynes,https://randomuser.me/api/portraits/men/23.jpg
9/7/2017,1:30 PM,1:45 PM,Roy Haynes,https://randomuser.me/api/portraits/men/23.jpg
9/7/2017,1:40 PM,1:55 PM,Lenora Farmer,https://randomuser.me/api/portraits/women/21.jpg
9/7/2017,1:45 PM,2:00 PM,Roy Haynes,https://randomuser.me/api/portraits/men/23.jpg
9/7/2017,1:45 PM,2:00 PM,Lenora Farmer,https://randomuser.me/api/portraits/women/21.jpg
9/7/2017,1:45 PM,2:00 PM,Roy Haynes,https://randomuser.me/api/portraits/men/23.jpg
9/7/2017,1:50 PM,2:05 PM,James Roberts,https://randomuser.me/api/portraits/men/84.jpg
9/7/2017,1:50 PM,2:05 PM,Roy Haynes,https://randomuser.me/api/portraits/men/23.jpg
9/7/2017,1:50 PM,2:05 PM,Roy Haynes,https://randomuser.me/api/portraits/men/23.jpg
9/7/2017,1:50 PM,2:05 PM,Barry Schmidt,https://randomuser.me/api/portraits/men/25.jpg
9/7/2017,2:00 PM,2:15 PM,Roy Haynes,https://randomuser.me/api/portraits/men/23.jpg
9/7/2017,2:05 PM,2:20 PM,Lenora Farmer,https://randomuser.me/api/portraits/women/21.jpg
9/7/2017,2:25 PM,2:40 PM,James Roberts,https://randomuser.me/api/portraits/men/84.jpg
9/7/2017,2:40 PM,2:55 PM,Louise Schultz,https://randomuser.me/api/portraits/women/37.jpg
9/7/2017,2:50 PM,3:05 PM,Louise Schultz,https://randomuser.me/api/portraits/women/37.jpg
9/7/2017,3:35 PM,3:50 PM,James Roberts,https://randomuser.me/api/portraits/men/84.jpg
9/7/2017,3:55 PM,4:10 PM,Roy Haynes,https://randomuser.me/api/portraits/men/23.jpg
9/7/2017,4:05 PM,4:20 PM,Barry Schmidt,https://randomuser.me/api/portraits/men/25.jpg
9/7/2017,4:25 PM,4:40 PM,Barry Schmidt,https://randomuser.me/api/portraits/men/25.jpg
9/7/2017,4:25 PM,4:40 PM,Lenora Farmer,https://randomuser.me/api/portraits/women/21.jpg
9/7/2017,4:35 PM,4:50 PM,Barry Schmidt,https://randomuser.me/api/portraits/men/25.jpg
9/7/2017,4:40 PM,4:55 PM,Barry Schmidt,https://randomuser.me/api/portraits/men/25.jpg
9/7/2017,4:45 PM,5:00 PM,James Roberts,https://randomuser.me/api/portraits/men/84.jpg
9/7/2017,4:45 PM,5:00 PM,Barry Schmidt,https://randomuser.me/api/portraits/men/25.jpg
9/7/2017,4:45 PM,5:00 PM,Lenora Farmer,https://randomuser.me/api/portraits/women/21.jpg
9/7/2017,4:50 PM,5:05 PM,James Roberts,https://randomuser.me/api/portraits/men/84.jpg
9/7/2017,4:50 PM,5:05 PM,Barry Schmidt,https://randomuser.me/api/portraits/men/25.jpg
9/8/2017,9:05 AM,9:20 AM,Roy Haynes,https://randomuser.me/api/portraits/men/23.jpg
9/8/2017,9:05 AM,9:20 AM,Louise Schultz,https://randomuser.me/api/portraits/women/37.jpg
9/8/2017,9:15 AM,9:30 AM,Roy Haynes,https://randomuser.me/api/portraits/men/23.jpg
9/8/2017,9:55 AM,10:10 AM,Roy Haynes,https://randomuser.me/api/portraits/men/23.jpg
9/8/2017,10:10 AM,10:25 AM,James Roberts,https://randomuser.me/api/portraits/men/84.jpg
9/8/2017,10:10 AM,10:25 AM,Roy Haynes,https://randomuser.me/api/portraits/men/23.jpg
9/8/2017,10:25 AM,10:40 AM,James Roberts,https://randomuser.me/api/portraits/men/84.jpg
9/8/2017,10:25 AM,10:40 AM,Barry Schmidt,https://randomuser.me/api/portraits/men/25.jpg
9/8/2017,10:25 AM,10:40 AM,Louise Schultz,https://randomuser.me/api/portraits/women/37.jpg
9/8/2017,10:25 AM,10:40 AM,Lenora Farmer,https://randomuser.me/api/portraits/women/21.jpg
9/8/2017,11:00 AM,11:15 AM,Roy Haynes,https://randomuser.me/api/portraits/men/23.jpg
9/8/2017,11:05 AM,11:20 AM,Barry Schmidt,https://randomuser.me/api/portraits/men/25.jpg
9/8/2017,11:05 AM,11:20 AM,Louise Schultz,https://randomuser.me/api/portraits/women/37.jpg
9/8/2017,11:05 AM,11:20 AM,Lenora Farmer,https://randomuser.me/api/portraits/women/21.jpg
9/8/2017,11:15 AM,11:30 AM,Lenora Farmer,https://randomuser.me/api/portraits/women/21.jpg
9/8/2017,11:15 AM,11:30 AM,Lenora Farmer,https://randomuser.me/api/portraits/women/21.jpg
9/8/2017,11:30 AM,11:45 AM,Lenora Farmer,https://randomuser.me/api/portraits/women/21.jpg
9/8/2017,11:35 AM,11:50 AM,James Roberts,https://randomuser.me/api/portraits/men/84.jpg
9/8/2017,11:45 AM,12:00 PM,Roy Haynes,https://randomuser.me/api/portraits/men/23.jpg
9/8/2017,11:45 AM,12:00 PM,James Roberts,https://randomuser.me/api/portraits/men/84.jpg
9/8/2017,12:25 PM,12:40 PM,Louise Schultz,https://randomuser.me/api/portraits/women/37.jpg
9/8/2017,12:35 PM,12:50 PM,James Roberts,https://randomuser.me/api/portraits/men/84.jpg
9/8/2017,12:35 PM,12:50 PM,Barry Schmidt,https://randomuser.me/api/portraits/men/25.jpg
9/8/2017,12:55 PM,1:10 PM,Barry Schmidt,https://randomuser.me/api/portraits/men/25.jpg
9/8/2017,12:55 PM,1:10 PM,Roy Haynes,https://randomuser.me/api/portraits/men/23.jpg
9/8/2017,1:00 PM,1:15 PM,Roy Haynes,https://randomuser.me/api/portraits/men/23.jpg
9/8/2017,1:00 PM,1:15 PM,Roy Haynes,https://randomuser.me/api/portraits/men/23.jpg
9/8/2017,1:00 PM,1:15 PM,Lenora Farmer,https://randomuser.me/api/portraits/women/21.jpg
9/8/2017,1:00 PM,1:15 PM,James Roberts,https://randomuser.me/api/portraits/men/84.jpg
9/8/2017,1:10 PM,1:25 PM,James Roberts,https://randomuser.me/api/portraits/men/84.jpg
9/8/2017,1:10 PM,1:25 PM,Roy Haynes,https://randomuser.me/api/portraits/men/23.jpg
9/8/2017,1:25 PM,1:40 PM,James Roberts,https://randomuser.me/api/portraits/men/84.jpg
9/8/2017,1:40 PM,1:55 PM,Lenora Farmer,https://randomuser.me/api/portraits/women/21.jpg
9/8/2017,1:40 PM,1:55 PM,Louise Schultz,https://randomuser.me/api/portraits/women/37.jpg
9/8/2017,1:40 PM,1:55 PM,James Roberts,https://randomuser.me/api/portraits/men/84.jpg
9/8/2017,1:50 PM,2:05 PM,Barry Schmidt,https://randomuser.me/api/portraits/men/25.jpg
9/8/2017,2:00 PM,2:15 PM,Louise Schultz,https://randomuser.me/api/portraits/women/37.jpg
9/8/2017,2:05 PM,2:20 PM,James Roberts,https://randomuser.me/api/portraits/men/84.jpg
9/8/2017,2:25 PM,2:40 PM,Barry Schmidt,https://randomuser.me/api/portraits/men/25.jpg
9/8/2017,2:25 PM,2:40 PM,James Roberts,https://randomuser.me/api/portraits/men/84.jpg
9/8/2017,2:50 PM,3:05 PM,Louise Schultz,https://randomuser.me/api/portraits/women/37.jpg
9/8/2017,3:30 PM,3:45 PM,Louise Schultz,https://randomuser.me/api/portraits/women/37.jpg
9/8/2017,3:35 PM,3:50 PM,Roy Haynes,https://randomuser.me/api/portraits/men/23.jpg
9/8/2017,3:40 PM,3:55 PM,James Roberts,https://randomuser.me/api/portraits/men/84.jpg
9/8/2017,3:40 PM,3:55 PM,Lenora Farmer,https://randomuser.me/api/portraits/women/21.jpg
9/8/2017,3:55 PM,4:10 PM,Barry Schmidt,https://randomuser.me/api/portraits/men/25.jpg
9/8/2017,3:55 PM,4:10 PM,Barry Schmidt,https://randomuser.me/api/portraits/men/25.jpg
9/8/2017,4:20 PM,4:35 PM,Lenora Farmer,https://randomuser.me/api/portraits/women/21.jpg
9/8/2017,4:40 PM,4:55 PM,James Roberts,https://randomuser.me/api/portraits/men/84.jpg
9/8/2017,4:50 PM,5:05 PM,James Roberts,https://randomuser.me/api/portraits/men/84.jpg
9/11/2017,9:05 AM,9:20 AM,Lenora Farmer,https://randomuser.me/api/portraits/women/21.jpg
9/11/2017,9:05 AM,9:20 AM,James Roberts,https://randomuser.me/api/portraits/men/84.jpg
9/11/2017,9:15 AM,9:30 AM,Roy Haynes,https://randomuser.me/api/portraits/men/23.jpg
9/11/2017,9:15 AM,9:30 AM,Louise Schultz,https://randomuser.me/api/portraits/women/37.jpg
9/11/2017,9:55 AM,10:10 AM,Roy Haynes,https://randomuser.me/api/portraits/men/23.jpg
9/11/2017,10:10 AM,10:25 AM,Lenora Farmer,https://randomuser.me/api/portraits/women/21.jpg
9/11/2017,10:35 AM,10:50 AM,Louise Schultz,https://randomuser.me/api/portraits/women/37.jpg
9/11/2017,10:35 AM,10:50 AM,Roy Haynes,https://randomuser.me/api/portraits/men/23.jpg
9/11/2017,10:35 AM,10:50 AM,Barry Schmidt,https://randomuser.me/api/portraits/men/25.jpg
9/11/2017,10:50 AM,11:05 AM,James Roberts,https://randomuser.me/api/portraits/men/84.jpg
9/11/2017,11:00 AM,11:15 AM,Roy Haynes,https://randomuser.me/api/portraits/men/23.jpg
9/11/2017,11:05 AM,11:20 AM,Roy Haynes,https://randomuser.me/api/portraits/men/23.jpg
9/11/2017,11:35 AM,11:50 AM,Roy Haynes,https://randomuser.me/api/portraits/men/23.jpg
9/11/2017,11:40 AM,11:55 AM,Roy Haynes,https://randomuser.me/api/portraits/men/23.jpg
9/11/2017,11:45 AM,12:00 PM,Roy Haynes,https://randomuser.me/api/portraits/men/23.jpg
9/11/2017,12:15 PM,12:30 PM,Lenora Farmer,https://randomuser.me/api/portraits/women/21.jpg
9/11/2017,12:15 PM,12:30 PM,James Roberts,https://randomuser.me/api/portraits/men/84.jpg
9/11/2017,12:25 PM,12:40 PM,Barry Schmidt,https://randomuser.me/api/portraits/men/25.jpg
9/11/2017,12:25 PM,12:40 PM,James Roberts,https://randomuser.me/api/portraits/men/84.jpg
9/11/2017,12:30 PM,12:45 PM,Roy Haynes,https://randomuser.me/api/portraits/men/23.jpg
9/11/2017,12:30 PM,12:45 PM,Louise Schultz,https://randomuser.me/api/portraits/women/37.jpg
9/11/2017,12:55 PM,1:10 PM,James Roberts,https://randomuser.me/api/portraits/men/84.jpg
9/11/2017,1:00 PM,1:15 PM,Roy Haynes,https://randomuser.me/api/portraits/men/23.jpg
9/11/2017,1:00 PM,1:15 PM,Barry Schmidt,https://randomuser.me/api/portraits/men/25.jpg
9/11/2017,1:10 PM,1:25 PM,Lenora Farmer,https://randomuser.me/api/portraits/women/21.jpg
9/11/2017,1:10 PM,1:25 PM,Louise Schultz,https://randomuser.me/api/portraits/women/37.jpg
9/11/2017,1:20 PM,1:35 PM,James Roberts,https://randomuser.me/api/portraits/men/84.jpg
9/11/2017,1:25 PM,1:40 PM,Roy Haynes,https://randomuser.me/api/portraits/men/23.jpg
9/11/2017,1:25 PM,1:40 PM,James Roberts,https://randomuser.me/api/portraits/men/84.jpg
9/11/2017,1:25 PM,1:40 PM,Louise Schultz,https://randomuser.me/api/portraits/women/37.jpg
9/11/2017,1:30 PM,1:45 PM,Lenora Farmer,https://randomuser.me/api/portraits/women/21.jpg
9/11/2017,1:30 PM,1:45 PM,Roy Haynes,https://randomuser.me/api/portraits/men/23.jpg
9/11/2017,1:40 PM,1:55 PM,Roy Haynes,https://randomuser.me/api/portraits/men/23.jpg
9/11/2017,1:50 PM,2:05 PM,James Roberts,https://randomuser.me/api/portraits/men/84.jpg
9/11/2017,2:00 PM,2:15 PM,Louise Schultz,https://randomuser.me/api/portraits/women/37.jpg
9/11/2017,2:00 PM,2:15 PM,James Roberts,https://randomuser.me/api/portraits/men/84.jpg
9/11/2017,2:05 PM,2:20 PM,Barry Schmidt,https://randomuser.me/api/portraits/men/25.jpg
9/11/2017,2:05 PM,2:20 PM,James Roberts,https://randomuser.me/api/portraits/men/84.jpg
9/11/2017,2:25 PM,2:40 PM,Barry Schmidt,https://randomuser.me/api/portraits/men/25.jpg
9/11/2017,2:40 PM,2:55 PM,Barry Schmidt,https://randomuser.me/api/portraits/men/25.jpg
9/11/2017,2:40 PM,2:55 PM,Barry Schmidt,https://randomuser.me/api/portraits/men/25.jpg
9/11/2017,2:40 PM,2:55 PM,Louise Schultz,https://randomuser.me/api/portraits/women/37.jpg
9/11/2017,2:50 PM,3:05 PM,James Roberts,https://randomuser.me/api/portraits/men/84.jpg
9/11/2017,3:30 PM,3:45 PM,Lenora Farmer,https://randomuser.me/api/portraits/women/21.jpg
9/11/2017,3:40 PM,3:55 PM,Barry Schmidt,https://randomuser.me/api/portraits/men/25.jpg
9/11/2017,3:40 PM,3:55 PM,Lenora Farmer,https://randomuser.me/api/portraits/women/21.jpg
9/11/2017,3:40 PM,3:55 PM,Roy Haynes,https://randomuser.me/api/portraits/men/23.jpg
9/11/2017,3:55 PM,4:10 PM,Louise Schultz,https://randomuser.me/api/portraits/women/37.jpg
9/11/2017,4:00 PM,4:15 PM,Barry Schmidt,https://randomuser.me/api/portraits/men/25.jpg
9/11/2017,4:05 PM,4:20 PM,Roy Haynes,https://randomuser.me/api/portraits/men/23.jpg
9/11/2017,4:05 PM,4:20 PM,Lenora Farmer,https://randomuser.me/api/portraits/women/21.jpg
9/11/2017,4:05 PM,4:20 PM,James Roberts,https://randomuser.me/api/portraits/men/84.jpg
9/11/2017,4:15 PM,4:30 PM,James Roberts,https://randomuser.me/api/portraits/men/84.jpg
9/11/2017,4:20 PM,4:35 PM,James Roberts,https://randomuser.me/api/portraits/men/84.jpg
9/11/2017,4:20 PM,4:35 PM,Lenora Farmer,https://randomuser.me/api/portraits/women/21.jpg
9/11/2017,4:30 PM,4:45 PM,Lenora Farmer,https://randomuser.me/api/portraits/women/21.jpg
9/11/2017,4:50 PM,5:05 PM,Lenora Farmer,https://randomuser.me/api/portraits/women/21.jpg
9/12/2017,9:05 AM,9:20 AM,James Roberts,https://randomuser.me/api/portraits/men/84.jpg
9/12/2017,9:05 AM,9:20 AM,Roy Haynes,https://randomuser.me/api/portraits/men/23.jpg
9/12/2017,9:15 AM,9:30 AM,Lenora Farmer,https://randomuser.me/api/portraits/women/21.jpg
9/12/2017,9:15 AM,9:30 AM,Louise Schultz,https://randomuser.me/api/portraits/women/37.jpg
9/12/2017,9:55 AM,10:10 AM,Barry Schmidt,https://randomuser.me/api/portraits/men/25.jpg
9/12/2017,10:35 AM,10:50 AM,Barry Schmidt,https://randomuser.me/api/portraits/men/25.jpg
9/12/2017,10:50 AM,11:05 AM,Roy Haynes,https://randomuser.me/api/portraits/men/23.jpg
9/12/2017,11:00 AM,11:15 AM,Barry Schmidt,https://randomuser.me/api/portraits/men/25.jpg
9/12/2017,11:00 AM,11:15 AM,Lenora Farmer,https://randomuser.me/api/portraits/women/21.jpg
9/12/2017,11:05 AM,11:20 AM,James Roberts,https://randomuser.me/api/portraits/men/84.jpg
9/12/2017,11:20 AM,11:35 AM,Louise Schultz,https://randomuser.me/api/portraits/women/37.jpg
9/12/2017,11:30 AM,11:45 AM,Lenora Farmer,https://randomuser.me/api/portraits/women/21.jpg
9/12/2017,11:30 AM,11:45 AM,James Roberts,https://randomuser.me/api/portraits/men/84.jpg
9/12/2017,11:30 AM,11:45 AM,Lenora Farmer,https://randomuser.me/api/portraits/women/21.jpg
9/12/2017,11:45 AM,12:00 PM,Louise Schultz,https://randomuser.me/api/portraits/women/37.jpg
9/12/2017,12:00 PM,12:15 PM,James Roberts,https://randomuser.me/api/portraits/men/84.jpg
9/12/2017,12:15 PM,12:30 PM,Lenora Farmer,https://randomuser.me/api/portraits/women/21.jpg
9/12/2017,12:35 PM,12:50 PM,Barry Schmidt,https://randomuser.me/api/portraits/men/25.jpg
9/12/2017,12:55 PM,1:10 PM,Barry Schmidt,https://randomuser.me/api/portraits/men/25.jpg
9/12/2017,1:00 PM,1:15 PM,Barry Schmidt,https://randomuser.me/api/portraits/men/25.jpg
9/12/2017,1:20 PM,1:35 PM,Lenora Farmer,https://randomuser.me/api/portraits/women/21.jpg
9/12/2017,1:20 PM,1:35 PM,Lenora Farmer,https://randomuser.me/api/portraits/women/21.jpg
9/12/2017,1:25 PM,1:40 PM,Barry Schmidt,https://randomuser.me/api/portraits/men/25.jpg
9/12/2017,1:25 PM,1:40 PM,Louise Schultz,https://randomuser.me/api/portraits/women/37.jpg
9/12/2017,1:30 PM,1:45 PM,Louise Schultz,https://randomuser.me/api/portraits/women/37.jpg
9/12/2017,1:50 PM,2:05 PM,Barry Schmidt,https://randomuser.me/api/portraits/men/25.jpg
9/12/2017,2:05 PM,2:20 PM,Roy Haynes,https://randomuser.me/api/portraits/men/23.jpg
9/12/2017,2:25 PM,2:40 PM,Barry Schmidt,https://randomuser.me/api/portraits/men/25.jpg
9/12/2017,2:40 PM,2:55 PM,Barry Schmidt,https://randomuser.me/api/portraits/men/25.jpg
9/12/2017,2:50 PM,3:05 PM,Barry Schmidt,https://randomuser.me/api/portraits/men/25.jpg
9/12/2017,3:30 PM,3:45 PM,Roy Haynes,https://randomuser.me/api/portraits/men/23.jpg
9/12/2017,3:30 PM,3:45 PM,Barry Schmidt,https://randomuser.me/api/portraits/men/25.jpg
9/12/2017,3:35 PM,3:50 PM,Roy Haynes,https://randomuser.me/api/portraits/men/23.jpg
9/12/2017,3:40 PM,3:55 PM,Louise Schultz,https://randomuser.me/api/portraits/women/37.jpg
9/12/2017,3:55 PM,4:10 PM,Louise Schultz,https://randomuser.me/api/portraits/women/37.jpg
9/12/2017,4:25 PM,4:40 PM,James Roberts,https://randomuser.me/api/portraits/men/84.jpg
9/12/2017,4:25 PM,4:40 PM,Louise Schultz,https://randomuser.me/api/portraits/women/37.jpg
9/12/2017,4:30 PM,4:45 PM,Louise Schultz,https://randomuser.me/api/portraits/women/37.jpg
9/12/2017,4:30 PM,4:45 PM,Lenora Farmer,https://randomuser.me/api/portraits/women/21.jpg
9/12/2017,4:40 PM,4:55 PM,Lenora Farmer,https://randomuser.me/api/portraits/women/21.jpg
9/12/2017,4:40 PM,4:55 PM,Lenora Farmer,https://randomuser.me/api/portraits/women/21.jpg
9/12/2017,4:45 PM,5:00 PM,Louise Schultz,https://randomuser.me/api/portraits/women/37.jpg
9/12/2017,4:45 PM,5:00 PM,Louise Schultz,https://randomuser.me/api/portraits/women/37.jpg
9/13/2017,9:05 AM,9:20 AM,Roy Haynes,https://randomuser.me/api/portraits/men/23.jpg
9/13/2017,9:55 AM,10:10 AM,James Roberts,https://randomuser.me/api/portraits/men/84.jpg
9/13/2017,10:20 AM,10:35 AM,Barry Schmidt,https://randomuser.me/api/portraits/men/25.jpg
9/13/2017,10:25 AM,10:40 AM,James Roberts,https://randomuser.me/api/portraits/men/84.jpg
9/13/2017,10:25 AM,10:40 AM,James Roberts,https://randomuser.me/api/portraits/men/84.jpg
9/13/2017,10:25 AM,10:40 AM,James Roberts,https://randomuser.me/api/portraits/men/84.jpg
9/13/2017,10:35 AM,10:50 AM,Roy Haynes,https://randomuser.me/api/portraits/men/23.jpg
9/13/2017,10:50 AM,11:05 AM,James Roberts,https://randomuser.me/api/portraits/men/84.jpg
9/13/2017,11:00 AM,11:15 AM,Louise Schultz,https://randomuser.me/api/portraits/women/37.jpg
9/13/2017,11:00 AM,11:15 AM,James Roberts,https://randomuser.me/api/portraits/men/84.jpg
9/13/2017,11:00 AM,11:15 AM,Barry Schmidt,https://randomuser.me/api/portraits/men/25.jpg
9/13/2017,11:05 AM,11:20 AM,James Roberts,https://randomuser.me/api/portraits/men/84.jpg
9/13/2017,11:20 AM,11:35 AM,James Roberts,https://randomuser.me/api/portraits/men/84.jpg
9/13/2017,11:30 AM,11:45 AM,James Roberts,https://randomuser.me/api/portraits/men/84.jpg
9/13/2017,11:30 AM,11:45 AM,Louise Schultz,https://randomuser.me/api/portraits/women/37.jpg
9/13/2017,11:35 AM,11:50 AM,James Roberts,https://randomuser.me/api/portraits/men/84.jpg
9/13/2017,11:35 AM,11:50 AM,Louise Schultz,https://randomuser.me/api/portraits/women/37.jpg
9/13/2017,11:35 AM,11:50 AM,James Roberts,https://randomuser.me/api/portraits/men/84.jpg
9/13/2017,11:35 AM,11:50 AM,Lenora Farmer,https://randomuser.me/api/portraits/women/21.jpg
9/13/2017,11:35 AM,11:50 AM,Lenora Farmer,https://randomuser.me/api/portraits/women/21.jpg
9/13/2017,11:40 AM,11:55 AM,Barry Schmidt,https://randomuser.me/api/portraits/men/25.jpg
9/13/2017,11:45 AM,12:00 PM,James Roberts,https://randomuser.me/api/portraits/men/84.jpg
9/13/2017,11:45 AM,12:00 PM,Louise Schultz,https://randomuser.me/api/portraits/women/37.jpg
9/13/2017,12:00 PM,12:15 PM,Barry Schmidt,https://randomuser.me/api/portraits/men/25.jpg
9/13/2017,12:00 PM,12:15 PM,James Roberts,https://randomuser.me/api/portraits/men/84.jpg
9/13/2017,12:00 PM,12:15 PM,James Roberts,https://randomuser.me/api/portraits/men/84.jpg
9/13/2017,12:25 PM,12:40 PM,Roy Haynes,https://randomuser.me/api/portraits/men/23.jpg
9/13/2017,12:25 PM,12:40 PM,Barry Schmidt,https://randomuser.me/api/portraits/men/25.jpg
9/13/2017,12:30 PM,12:45 PM,James Roberts,https://randomuser.me/api/portraits/men/84.jpg
9/13/2017,12:30 PM,12:45 PM,Roy Haynes,https://randomuser.me/api/portraits/men/23.jpg
9/13/2017,12:35 PM,12:50 PM,James Roberts,https://randomuser.me/api/portraits/men/84.jpg
9/13/2017,12:35 PM,12:50 PM,James Roberts,https://randomuser.me/api/portraits/men/84.jpg
9/13/2017,1:00 PM,1:15 PM,James Roberts,https://randomuser.me/api/portraits/men/84.jpg
9/13/2017,1:00 PM,1:15 PM,James Roberts,https://randomuser.me/api/portraits/men/84.jpg
9/13/2017,1:05 PM,1:20 PM,Louise Schultz,https://randomuser.me/api/portraits/women/37.jpg
9/13/2017,1:05 PM,1:20 PM,Lenora Farmer,https://randomuser.me/api/portraits/women/21.jpg
9/13/2017,1:20 PM,1:35 PM,Barry Schmidt,https://randomuser.me/api/portraits/men/25.jpg
9/13/2017,1:25 PM,1:40 PM,James Roberts,https://randomuser.me/api/portraits/men/84.jpg
9/13/2017,1:30 PM,1:45 PM,Lenora Farmer,https://randomuser.me/api/portraits/women/21.jpg
9/13/2017,1:40 PM,1:55 PM,Lenora Farmer,https://randomuser.me/api/portraits/women/21.jpg
9/13/2017,1:40 PM,1:55 PM,Lenora Farmer,https://randomuser.me/api/portraits/women/21.jpg
9/13/2017,1:45 PM,2:00 PM,Louise Schultz,https://randomuser.me/api/portraits/women/37.jpg
9/13/2017,1:50 PM,2:05 PM,Roy Haynes,https://randomuser.me/api/portraits/men/23.jpg
9/13/2017,1:50 PM,2:05 PM,Louise Schultz,https://randomuser.me/api/portraits/women/37.jpg
9/13/2017,2:40 PM,2:55 PM,Louise Schultz,https://randomuser.me/api/portraits/women/37.jpg
9/13/2017,2:40 PM,2:55 PM,Barry Schmidt,https://randomuser.me/api/portraits/men/25.jpg
9/13/2017,2:40 PM,2:55 PM,Barry Schmidt,https://randomuser.me/api/portraits/men/25.jpg
9/13/2017,2:40 PM,2:55 PM,Roy Haynes,https://randomuser.me/api/portraits/men/23.jpg
9/13/2017,2:50 PM,3:05 PM,Roy Haynes,https://randomuser.me/api/portraits/men/23.jpg
9/13/2017,3:35 PM,3:50 PM,Lenora Farmer,https://randomuser.me/api/portraits/women/21.jpg
9/13/2017,3:40 PM,3:55 PM,Barry Schmidt,https://randomuser.me/api/portraits/men/25.jpg
9/13/2017,3:40 PM,3:55 PM,Louise Schultz,https://randomuser.me/api/portraits/women/37.jpg
9/13/2017,3:40 PM,3:55 PM,Roy Haynes,https://randomuser.me/api/portraits/men/23.jpg
9/13/2017,3:40 PM,3:55 PM,Louise Schultz,https://randomuser.me/api/portraits/women/37.jpg
9/13/2017,3:55 PM,4:10 PM,Louise Schultz,https://randomuser.me/api/portraits/women/37.jpg
9/13/2017,3:55 PM,4:10 PM,Lenora Farmer,https://randomuser.me/api/portraits/women/21.jpg
9/13/2017,3:55 PM,4:10 PM,Lenora Farmer,https://randomuser.me/api/portraits/women/21.jpg
9/13/2017,4:00 PM,4:15 PM,Roy Haynes,https://randomuser.me/api/portraits/men/23.jpg
9/13/2017,4:05 PM,4:20 PM,Roy Haynes,https://randomuser.me/api/portraits/men/23.jpg
9/13/2017,4:05 PM,4:20 PM,James Roberts,https://randomuser.me/api/portraits/men/84.jpg
9/13/2017,4:20 PM,4:35 PM,Louise Schultz,https://randomuser.me/api/portraits/women/37.jpg
9/13/2017,4:20 PM,4:35 PM,Louise Schultz,https://randomuser.me/api/portraits/women/37.jpg
9/13/2017,4:25 PM,4:40 PM,Barry Schmidt,https://randomuser.me/api/portraits/men/25.jpg
9/13/2017,4:30 PM,4:45 PM,Louise Schultz,https://randomuser.me/api/portraits/women/37.jpg
9/13/2017,4:35 PM,4:50 PM,Barry Schmidt,https://randomuser.me/api/portraits/men/25.jpg
9/13/2017,4:40 PM,4:55 PM,Roy Haynes,https://randomuser.me/api/portraits/men/23.jpg
9/13/2017,4:45 PM,5:00 PM,James Roberts,https://randomuser.me/api/portraits/men/84.jpg
9/13/2017,4:45 PM,5:00 PM,Roy Haynes,https://randomuser.me/api/portraits/men/23.jpg
9/14/2017,9:55 AM,10:10 AM,Lenora Farmer,https://randomuser.me/api/portraits/women/21.jpg
9/14/2017,10:10 AM,10:25 AM,Barry Schmidt,https://randomuser.me/api/portraits/men/25.jpg
9/14/2017,10:20 AM,10:35 AM,Roy Haynes,https://randomuser.me/api/portraits/men/23.jpg
9/14/2017,10:25 AM,10:40 AM,Louise Schultz,https://randomuser.me/api/portraits/women/37.jpg
9/14/2017,10:35 AM,10:50 AM,Barry Schmidt,https://randomuser.me/api/portraits/men/25.jpg
9/14/2017,10:50 AM,11:05 AM,James Roberts,https://randomuser.me/api/portraits/men/84.jpg
9/14/2017,10:50 AM,11:05 AM,James Roberts,https://randomuser.me/api/portraits/men/84.jpg
9/14/2017,11:05 AM,11:20 AM,Barry Schmidt,https://randomuser.me/api/portraits/men/25.jpg
9/14/2017,11:35 AM,11:50 AM,Barry Schmidt,https://randomuser.me/api/portraits/men/25.jpg
9/14/2017,11:40 AM,11:55 AM,Roy Haynes,https://randomuser.me/api/portraits/men/23.jpg
9/14/2017,11:40 AM,11:55 AM,Barry Schmidt,https://randomuser.me/api/portraits/men/25.jpg
9/14/2017,12:00 PM,12:15 PM,James Roberts,https://randomuser.me/api/portraits/men/84.jpg
9/14/2017,12:15 PM,12:30 PM,James Roberts,https://randomuser.me/api/portraits/men/84.jpg
9/14/2017,12:25 PM,12:40 PM,Roy Haynes,https://randomuser.me/api/portraits/men/23.jpg
9/14/2017,12:30 PM,12:45 PM,James Roberts,https://randomuser.me/api/portraits/men/84.jpg
9/14/2017,12:30 PM,12:45 PM,Barry Schmidt,https://randomuser.me/api/portraits/men/25.jpg
9/14/2017,12:35 PM,12:50 PM,Barry Schmidt,https://randomuser.me/api/portraits/men/25.jpg
9/14/2017,12:55 PM,1:10 PM,Lenora Farmer,https://randomuser.me/api/portraits/women/21.jpg
9/14/2017,1:10 PM,1:25 PM,James Roberts,https://randomuser.me/api/portraits/men/84.jpg
9/14/2017,1:30 PM,1:45 PM,Barry Schmidt,https://randomuser.me/api/portraits/men/25.jpg
9/14/2017,1:40 PM,1:55 PM,Barry Schmidt,https://randomuser.me/api/portraits/men/25.jpg
9/14/2017,1:45 PM,2:00 PM,Roy Haynes,https://randomuser.me/api/portraits/men/23.jpg
9/14/2017,1:50 PM,2:05 PM,Roy Haynes,https://randomuser.me/api/portraits/men/23.jpg
9/14/2017,2:05 PM,2:20 PM,Roy Haynes,https://randomuser.me/api/portraits/men/23.jpg
9/14/2017,2:05 PM,2:20 PM,Louise Schultz,https://randomuser.me/api/portraits/women/37.jpg
9/14/2017,2:25 PM,2:40 PM,Roy Haynes,https://randomuser.me/api/portraits/men/23.jpg
9/14/2017,2:40 PM,2:55 PM,Roy Haynes,https://randomuser.me/api/portraits/men/23.jpg
9/14/2017,2:40 PM,2:55 PM,James Roberts,https://randomuser.me/api/portraits/men/84.jpg
9/14/2017,2:40 PM,2:55 PM,Lenora Farmer,https://randomuser.me/api/portraits/women/21.jpg
9/14/2017,2:50 PM,3:05 PM,Lenora Farmer,https://randomuser.me/api/portraits/women/21.jpg
9/14/2017,2:50 PM,3:05 PM,Barry Schmidt,https://randomuser.me/api/portraits/men/25.jpg
9/14/2017,2:50 PM,3:05 PM,Louise Schultz,https://randomuser.me/api/portraits/women/37.jpg
9/14/2017,3:40 PM,3:55 PM,Lenora Farmer,https://randomuser.me/api/portraits/women/21.jpg
9/14/2017,3:40 PM,3:55 PM,Louise Schultz,https://randomuser.me/api/portraits/women/37.jpg
9/14/2017,3:55 PM,4:10 PM,Roy Haynes,https://randomuser.me/api/portraits/men/23.jpg
9/14/2017,4:30 PM,4:45 PM,James Roberts,https://randomuser.me/api/portraits/men/84.jpg
9/14/2017,4:40 PM,4:55 PM,Barry Schmidt,https://randomuser.me/api/portraits/men/25.jpg
9/14/2017,4:40 PM,4:55 PM,Barry Schmidt,https://randomuser.me/api/portraits/men/25.jpg
9/14/2017,4:45 PM,5:00 PM,Louise Schultz,https://randomuser.me/api/portraits/women/37.jpg
9/14/2017,4:45 PM,5:00 PM,James Roberts,https://randomuser.me/api/portraits/men/84.jpg
9/15/2017,9:15 AM,9:30 AM,Roy Haynes,https://randomuser.me/api/portraits/men/23.jpg
9/15/2017,9:15 AM,9:30 AM,Barry Schmidt,https://randomuser.me/api/portraits/men/25.jpg
9/15/2017,9:15 AM,9:30 AM,Roy Haynes,https://randomuser.me/api/portraits/men/23.jpg
9/15/2017,9:55 AM,10:10 AM,Louise Schultz,https://randomuser.me/api/portraits/women/37.jpg
9/15/2017,10:10 AM,10:25 AM,Lenora Farmer,https://randomuser.me/api/portraits/women/21.jpg
9/15/2017,10:10 AM,10:25 AM,Louise Schultz,https://randomuser.me/api/portraits/women/37.jpg
9/15/2017,10:20 AM,10:35 AM,Lenora Farmer,https://randomuser.me/api/portraits/women/21.jpg
9/15/2017,10:20 AM,10:35 AM,Barry Schmidt,https://randomuser.me/api/portraits/men/25.jpg
9/15/2017,10:25 AM,10:40 AM,Roy Haynes,https://randomuser.me/api/portraits/men/23.jpg
9/15/2017,10:35 AM,10:50 AM,Louise Schultz,https://randomuser.me/api/portraits/women/37.jpg
9/15/2017,10:50 AM,11:05 AM,James Roberts,https://randomuser.me/api/portraits/men/84.jpg
9/15/2017,11:00 AM,11:15 AM,Louise Schultz,https://randomuser.me/api/portraits/women/37.jpg
9/15/2017,11:05 AM,11:20 AM,Barry Schmidt,https://randomuser.me/api/portraits/men/25.jpg
9/15/2017,11:05 AM,11:20 AM,James Roberts,https://randomuser.me/api/portraits/men/84.jpg
9/15/2017,11:15 AM,11:30 AM,Roy Haynes,https://randomuser.me/api/portraits/men/23.jpg
9/15/2017,11:30 AM,11:45 AM,James Roberts,https://randomuser.me/api/portraits/men/84.jpg
9/15/2017,11:35 AM,11:50 AM,Roy Haynes,https://randomuser.me/api/portraits/men/23.jpg
9/15/2017,12:15 PM,12:30 PM,Barry Schmidt,https://randomuser.me/api/portraits/men/25.jpg
9/15/2017,12:25 PM,12:40 PM,Lenora Farmer,https://randomuser.me/api/portraits/women/21.jpg
9/15/2017,12:25 PM,12:40 PM,Louise Schultz,https://randomuser.me/api/portraits/women/37.jpg
9/15/2017,12:25 PM,12:40 PM,Barry Schmidt,https://randomuser.me/api/portraits/men/25.jpg
9/15/2017,12:30 PM,12:45 PM,James Roberts,https://randomuser.me/api/portraits/men/84.jpg
9/15/2017,12:35 PM,12:50 PM,Roy Haynes,https://randomuser.me/api/portraits/men/23.jpg
9/15/2017,12:35 PM,12:50 PM,James Roberts,https://randomuser.me/api/portraits/men/84.jpg
9/15/2017,12:55 PM,1:10 PM,Lenora Farmer,https://randomuser.me/api/portraits/women/21.jpg
9/15/2017,12:55 PM,1:10 PM,Roy Haynes,https://randomuser.me/api/portraits/men/23.jpg
9/15/2017,1:00 PM,1:15 PM,James Roberts,https://randomuser.me/api/portraits/men/84.jpg
9/15/2017,1:05 PM,1:20 PM,Louise Schultz,https://randomuser.me/api/portraits/women/37.jpg
9/15/2017,1:20 PM,1:35 PM,Lenora Farmer,https://randomuser.me/api/portraits/women/21.jpg
9/15/2017,1:20 PM,1:35 PM,Lenora Farmer,https://randomuser.me/api/portraits/women/21.jpg
9/15/2017,1:25 PM,1:40 PM,Barry Schmidt,https://randomuser.me/api/portraits/men/25.jpg
9/15/2017,1:30 PM,1:45 PM,Barry Schmidt,https://randomuser.me/api/portraits/men/25.jpg
9/15/2017,1:50 PM,2:05 PM,Roy Haynes,https://randomuser.me/api/portraits/men/23.jpg
9/15/2017,1:50 PM,2:05 PM,Lenora Farmer,https://randomuser.me/api/portraits/women/21.jpg
9/15/2017,1:50 PM,2:05 PM,Barry Schmidt,https://randomuser.me/api/portraits/men/25.jpg
9/15/2017,1:50 PM,2:05 PM,Louise Schultz,https://randomuser.me/api/portraits/women/37.jpg
9/15/2017,2:00 PM,2:15 PM,James Roberts,https://randomuser.me/api/portraits/men/84.jpg
9/15/2017,2:25 PM,2:40 PM,Lenora Farmer,https://randomuser.me/api/portraits/women/21.jpg
9/15/2017,2:40 PM,2:55 PM,James Roberts,https://randomuser.me/api/portraits/men/84.jpg
9/15/2017,2:40 PM,2:55 PM,James Roberts,https://randomuser.me/api/portraits/men/84.jpg
9/15/2017,2:40 PM,2:55 PM,Roy Haynes,https://randomuser.me/api/portraits/men/23.jpg
9/15/2017,3:30 PM,3:45 PM,Lenora Farmer,https://randomuser.me/api/portraits/women/21.jpg
9/15/2017,3:35 PM,3:50 PM,Roy Haynes,https://randomuser.me/api/portraits/men/23.jpg
9/15/2017,3:40 PM,3:55 PM,James Roberts,https://randomuser.me/api/portraits/men/84.jpg
9/15/2017,3:55 PM,4:10 PM,James Roberts,https://randomuser.me/api/portraits/men/84.jpg
9/15/2017,4:35 PM,4:50 PM,Roy Haynes,https://randomuser.me/api/portraits/men/23.jpg
9/15/2017,4:35 PM,4:50 PM,James Roberts,https://randomuser.me/api/portraits/men/84.jpg
9/15/2017,4:35 PM,4:50 PM,Louise Schultz,https://randomuser.me/api/portraits/women/37.jpg
9/15/2017,4:40 PM,4:55 PM,Roy Haynes,https://randomuser.me/api/portraits/men/23.jpg
9/15/2017,4:50 PM,5:05 PM,Lenora Farmer,https://randomuser.me/api/portraits/women/21.jpg
9/15/2017,4:50 PM,5:05 PM,Lenora Farmer,https://randomuser.me/api/portraits/women/21.jpg